url,fetched_at,http_status,content_hash,outcome
https://www.cydome.io,2026-10-07T18:02:09.474336+00:00,200,182b930e66bfb71dbf12c966eb15a802fa3062438076f36c27b729581de4851e,cache_hit
https://www.cydome.io/about,2026-10-07T18:02:11.406461+00:00,200,12ffce442e46f65c5fdaee78f4365b120b3a51fc03fe660856bdf057c7bd6d9a,cache_hit
https://www.norsepower.com,2026-10-07T18:02:00.236330+00:00,200,e0dfba5fd3bb3211a7b1d86e00f253059af8f1dce331b36b368c37bab8102b8e,cache_hit
https://www.norsepower.com/norsepower/,2026-10-07T18:02:02.319721+00:00,200,f2150c4bbef3b5e61d5ddf34f2e81017e107fb616fa37258266310bd8899a0fb,cache_hit
https://www.orca-ai.io,2026-10-07T18:02:04.532500+00:00,200,c778ee889e1f71d57256e62084e979d55ab6623ecb7a125f026011104210bc75,cache_hit
https://www.orca-ai.io/about,2026-10-07T18:02:06.523897+00:00,200,dc814af574db6a3c1608b1f5a25993a333feffcb329d52addea49b0e781d7d60,cache_hit
https://portchain.com,2026-10-07T18:01:50.982506+00:00,200,e5cfe598567fbe84e07850ec56017dee5228a76efc7b34c13fd9feb8aa1f31f9,cache_hit
https://portchain.com/about-us-portchain,2026-10-07T18:01:52.938246+00:00,200,9dc294d4dbb933a308c7f8ed7958847758b4a595ca810b0a60ec263265ae5e86,cache_hit
https://searoutes.com,2026-10-07T18:01:55.066604+00:00,200,870ad2ffbcc943c037882086f056c7f0f72e49148f9381c8a55e5a7d7b76c661,cache_hit
https://searoutes.com/about,2026-10-07T18:01:57.135892+00:00,200,2f2d04be6f17db4e699386ed638892f3d0e3eac5f49f369f2a96addae42e6ed9,cache_hit
